x_pos,y_pos
1000.0,1474.1379310344828
1888.888888888889,1474.1379310344828
1444.4444444444446,1474.1379310344828
333.33333333333337,1474.1379310344828
111.11111111111111,1474.1379310344828
1666.6666666666667,1474.1379310344828
555.5555555555555,1474.1379310344828
1222.2222222222222,1474.1379310344828
777.7777777777778,1474.1379310344828