x_pos,y_pos
1888.888888888889,1008.6206896551724
1888.888888888889,1474.1379310344828
1888.888888888889,750.0
1888.888888888889,284.48275862068965
1888.888888888889,491.3793103448276
111.11111111111111,1474.1379310344828
1222.2222222222222,1474.1379310344828
1888.888888888889,1215.5172413793105
777.7777777777778,1474.1379310344828