x_pos,y_pos
111.11111111111111,25.862068965517242
111.11111111111111,491.3793103448276
111.11111111111111,1215.5172413793105
1222.2222222222222,25.862068965517242
777.7777777777778,25.862068965517242
1888.888888888889,25.862068965517242
111.11111111111111,1008.6206896551724
111.11111111111111,284.48275862068965
111.11111111111111,750.0