x_pos,y_pos
333.33333333333337,1960.0
1444.4444444444446,1960.0
555.5555555555555,1960.0
111.11111111111111,1960.0
1222.2222222222222,1960.0
1666.6666666666667,1960.0
1000.0,1960.0
1888.888888888889,1960.0
777.7777777777778,1960.0